{
  "atual": 22445.53,
  "ano_anterior": 20107.340000000004,
  "variacao": 11.628539627817469
}