{
  "atual": 222469.66,
  "ano_anterior": 433360.6666666667,
  "variacao": -48.66408580381854
}