{
  "atual": 9476.5803125,
  "ano_anterior": 8961.862580645162,
  "variacao": 5.743423615604959
}