{
  "atual": 11487.705192307692,
  "ano_anterior": 11815.610784313723,
  "variacao": -2.7751895182714925
}